numt, numnodes, tilesize, volume, mhs, time
64, 32768, 8.38241e-09, 25.312500, 480.334464, 2.235405
64, 31129, 9.28838e-09, 25.312500, 476.343350, 2.034278
64, 29573, 1.02916e-08, 25.312500, 485.933124, 1.799759
64, 28094, 1.14037e-08, 25.312500, 472.715134, 1.669658
64, 26689, 1.2636e-08, 25.312500, 469.614944, 1.516780
64, 25355, 1.40007e-08, 25.312500, 477.281394, 1.346954
64, 24087, 1.55136e-08, 25.312500, 483.754013, 1.199336
64, 22883, 1.71892e-08, 25.312500, 476.646330, 1.098575
64, 21738, 1.90477e-08, 25.312500, 485.767683, 0.972771
64, 20652, 2.11038e-08, 25.312500, 471.118890, 0.905302
64, 19619, 2.33848e-08, 25.312500, 465.531964, 0.826807
64, 18638, 2.59114e-08, 25.312500, 463.709309, 0.749122
64, 17706, 2.87112e-08, 25.312500, 474.256989, 0.661039
64, 16821, 3.1812e-08, 25.312500, 475.758738, 0.594726
64, 15980, 3.52487e-08, 25.312500, 467.667874, 0.546029
64, 15181, 3.9057e-08, 25.312500, 466.958578, 0.493540
64, 14422, 4.32765e-08, 25.312500, 449.156412, 0.463077
64, 13700, 4.79584e-08, 25.312500, 455.951639, 0.411645
64, 13015, 5.31399e-08, 25.312500, 468.712724, 0.361395
64, 12365, 5.88741e-08, 25.312500, 459.541931, 0.332708
64, 11746, 6.52434e-08, 25.312500, 447.624665, 0.308224
64, 11159, 7.22886e-08, 25.312500, 442.914980, 0.281145
64, 10601, 8.00997e-08, 25.312500, 446.094590, 0.251922
64, 10071, 8.87531e-08, 25.312500, 428.287934, 0.236815
64, 9567, 9.83517e-08, 25.312500, 410.104905, 0.223181
64, 9089, 1.0897e-07, 25.312500, 412.560793, 0.200237
64, 8635, 1.20731e-07, 25.312500, 464.375139, 0.160567
64, 8203, 1.33784e-07, 25.312500, 431.929610, 0.155787
64, 7793, 1.48233e-07, 25.312500, 434.435768, 0.139792
64, 7403, 1.64265e-07, 25.312500, 447.409852, 0.122493
64, 7033, 1.82006e-07, 25.312500, 426.373113, 0.116009
64, 6681, 2.01692e-07, 25.312500, 387.044140, 0.115325
64, 6347, 2.23482e-07, 25.312500, 424.945116, 0.094799
64, 6030, 2.47601e-07, 25.312500, 411.614864, 0.088337
64, 5728, 2.74403e-07, 25.312500, 392.755953, 0.083538
64, 5442, 3.04008e-07, 25.312500, 342.496328, 0.086469
64, 5170, 3.36844e-07, 25.312500, 367.637026, 0.072705
64, 4911, 3.73319e-07, 25.312500, 382.598640, 0.063037
64, 4666, 4.13561e-07, 25.312500, 371.120331, 0.058664
64, 4432, 4.58394e-07, 25.312500, 373.905955, 0.052534
64, 4211, 5.07783e-07, 25.312500, 323.371255, 0.054836
64, 4000, 5.62781e-07, 25.312500, 357.333400, 0.044776
64, 3800, 6.23597e-07, 25.312501, 349.163202, 0.041356
64, 3610, 6.90985e-07, 25.312501, 324.103622, 0.040210
64, 3429, 7.6588e-07, 25.312501, 272.756590, 0.043108
64, 3258, 8.48412e-07, 25.312501, 353.535453, 0.030024
64, 3095, 9.4016e-07, 25.312501, 352.980152, 0.027138
64, 2940, 1.04194e-06, 25.312501, 255.210601, 0.033868
64, 2793, 1.15455e-06, 25.312501, 267.724597, 0.029138
64, 2654, 1.2787e-06, 25.312501, 299.603167, 0.023510
64, 2521, 1.41723e-06, 25.312501, 315.822133, 0.020123
64, 2395, 1.57034e-06, 25.312501, 309.949989, 0.018506
64, 2275, 1.74045e-06, 25.312502, 308.213429, 0.016792
64, 2161, 1.92901e-06, 25.312502, 307.217032, 0.015201
64, 2053, 2.13741e-06, 25.312502, 302.407582, 0.013938
64, 1950, 2.36929e-06, 25.312502, 244.683231, 0.015541
64, 1853, 2.62398e-06, 25.312502, 257.022148, 0.013359
64, 1760, 2.90878e-06, 25.312503, 249.522198, 0.012414
64, 1672, 3.22322e-06, 25.312503, 249.156920, 0.011220
64, 1589, 3.56896e-06, 25.312503, 264.251586, 0.009555
64, 1509, 3.95767e-06, 25.312503, 196.810606, 0.011570
64, 1434, 4.38278e-06, 25.312504, 275.322286, 0.007469
64, 1362, 4.85877e-06, 25.312504, 313.276565, 0.005921
64, 1294, 5.38326e-06, 25.312505, 243.292173, 0.006882
64, 1229, 5.96823e-06, 25.312505, 224.034094, 0.006742
64, 1168, 6.60847e-06, 25.312506, 192.881058, 0.007073
64, 1109, 7.331e-06, 25.312506, 216.722441, 0.005675
64, 1054, 8.11682e-06, 25.312507, 245.562574, 0.004524
64, 1001, 9e-06, 25.312508, 233.440315, 0.004292
64, 951, 9.9723e-06, 25.312509, 237.088036, 0.003815
64, 903, 1.10619e-05, 25.312510, 225.166636, 0.003621
64, 858, 1.22541e-05, 25.312511, 162.571305, 0.004528
64, 815, 1.35829e-05, 25.312512, 203.463154, 0.003265
64, 774, 1.5062e-05, 25.312513, 186.487504, 0.003212
64, 736, 1.66597e-05, 25.312515, 162.394280, 0.003336
64, 699, 1.84728e-05, 25.312516, 160.645751, 0.003041
64, 664, 2.04746e-05, 25.312519, 155.237035, 0.002840
64, 631, 2.26757e-05, 25.312520, 164.124656, 0.002426
64, 599, 2.51675e-05, 25.312522, 166.276696, 0.002158
64, 569, 2.78963e-05, 25.312524, 141.848698, 0.002282
64, 541, 3.08642e-05, 25.312527, 46.772945, 0.006257
64, 514, 3.41986e-05, 25.312530, 116.654980, 0.002265
64, 488, 3.79476e-05, 25.312533, 114.033378, 0.002088
64, 463, 4.21656e-05, 25.312537, 110.756108, 0.001936
64, 440, 4.66996e-05, 25.312541, 69.321111, 0.002793
64, 418, 5.17572e-05, 25.312545, 79.982202, 0.002185
64, 397, 5.73921e-05, 25.312550, 81.073546, 0.001944
64, 377, 6.366e-05, 25.312556, 77.209823, 0.001841
64, 359, 7.02225e-05, 25.312561, 74.887318, 0.001721
64, 341, 7.78547e-05, 25.312568, 69.820071, 0.001665
64, 324, 8.62656e-05, 25.312576, 63.097156, 0.001664
64, 307, 9.61169e-05, 25.312584, 60.583290, 0.001556
64, 292, 0.000106281, 25.312593, 50.651650, 0.001683
64, 277, 0.000118147, 25.312603, 52.369918, 0.001465
64, 263, 0.000131111, 25.312615, 47.322385, 0.001462
64, 250, 0.000145159, 25.312627, 41.344073, 0.001512
64, 238, 0.000160231, 25.312640, 26.640830, 0.002126
64, 226, 0.000177778, 25.312656, 35.903932, 0.001423
64, 214, 0.000198373, 25.312674, 28.389194, 0.001613
64, 204, 0.000218399, 25.312691, 25.047277, 0.001661
64, 194, 0.000241617, 25.312711, 27.039901, 0.001392
64, 184, 0.000268745, 25.312735, 25.828029, 0.001311
64, 175, 0.000297265, 25.312760, 23.789179, 0.001287
64, 166, 0.000330579, 25.312789, 21.134236, 0.001304
64, 158, 0.000365126, 25.312820, 20.594063, 0.001212
64, 150, 0.000405387, 25.312855, 17.589558, 0.001279
64, 142, 0.000452694, 25.312896, 15.063848, 0.001339
64, 135, 0.000501225, 25.312939, 8.713925, 0.002091
64, 128, 0.000558001, 25.312988, 12.704330, 0.001290
64, 122, 0.000614712, 25.313038, 7.193786, 0.002069
64, 116, 0.000680529, 25.313095, 6.976351, 0.001929
64, 110, 0.000757512, 25.313163, 10.259141, 0.001179
64, 104, 0.000848336, 25.313242, 8.860875, 0.001221
64, 99, 0.00093711, 25.313320, 7.874465, 0.001245
64, 94, 0.00104058, 25.313410, 7.508338, 0.001177
64, 89, 0.00116219, 25.313517, 5.941268, 0.001333
64, 85, 0.00127551, 25.313616, 5.425343, 0.001332
64, 81, 0.00140625, 25.313730, 5.323154, 0.001233
64, 77, 0.00155817, 25.313863, 3.356166, 0.001767
64, 73, 0.00173611, 25.314019, 4.553249, 0.001170
64, 69, 0.00194637, 25.314203, 3.727265, 0.001277
64, 66, 0.00213018, 25.314364, 3.405543, 0.001279
64, 62, 0.0024187, 25.314616, 2.539424, 0.001514
64, 59, 0.00267539, 25.314840, 2.959010, 0.001176
64, 56, 0.00297521, 25.315103, 0.583985, 0.005370
64, 53, 0.0033284, 25.315411, 1.815740, 0.001547
64, 51, 0.0036, 25.315649, 2.019901, 0.001288
64, 48, 0.00407424, 25.316064, 1.876327, 0.001228
64, 46, 0.00444444, 25.316388, 1.501642, 0.001409
64, 43, 0.00510204, 25.316962, 1.503478, 0.001230
64, 41, 0.005625, 25.317420, 1.295865, 0.001297
64, 39, 0.00623269, 25.317950, 1.201669, 0.001266
64, 37, 0.00694444, 25.318572, 1.104890, 0.001239
64, 35, 0.00778547, 25.319308, 0.703311, 0.001742
64, 33, 0.00878906, 25.320185, 0.850658, 0.001280
64, 32, 0.00936524, 25.320687, 0.795210, 0.001288
64, 30, 0.0107015, 25.321854, 0.691418, 0.001302
64, 29, 0.0114796, 25.322534, 0.625727, 0.001344
64, 27, 0.0133136, 25.324136, 0.384586, 0.001896
64, 26, 0.0144, 25.325084, 0.485418, 0.001393
64, 24, 0.0170132, 25.327365, 0.457352, 0.001259
64, 23, 0.018595, 25.328745, 0.413141, 0.001280
64, 22, 0.0204082, 25.330326, 0.388845, 0.001245
64, 21, 0.0225, 25.332149, 0.211496, 0.002085
64, 20, 0.0249307, 25.334267, 0.253595, 0.001577
64, 19, 0.0277778, 25.336746, 0.285662, 0.001264
64, 18, 0.0311419, 25.339676, 0.253283, 0.001279
64, 17, 0.0351562, 25.343167, 0.233469, 0.001238
64, 16, 0.04, 25.347379, 0.173188, 0.001478
64, 15, 0.0459184, 25.352517, 0.183886, 0.001224
64, 14, 0.0532544, 25.358882, 0.162649, 0.001205
32, 32768, 8.38241e-09, 25.312500, 522.832719, 2.053701
32, 31129, 9.28838e-09, 25.312500, 507.230791, 1.910402
32, 29573, 1.02916e-08, 25.312500, 509.065396, 1.717976
32, 28094, 1.14037e-08, 25.312500, 488.428600, 1.615943
32, 26689, 1.2636e-08, 25.312500, 506.182814, 1.407204
32, 25355, 1.40007e-08, 25.312500, 515.776316, 1.246424
32, 24087, 1.55136e-08, 25.312500, 515.869078, 1.124672
32, 22883, 1.71892e-08, 25.312500, 513.005774, 1.020713
32, 21738, 1.90477e-08, 25.312500, 483.930015, 0.976465
32, 20652, 2.11038e-08, 25.312500, 490.622732, 0.869314
32, 19619, 2.33848e-08, 25.312500, 481.196127, 0.799892
32, 18638, 2.59114e-08, 25.312500, 493.114323, 0.704451
32, 17706, 2.87112e-08, 25.312500, 481.409282, 0.651218
32, 16821, 3.1812e-08, 25.312500, 500.039439, 0.565847
32, 15980, 3.52487e-08, 25.312500, 502.854633, 0.507822
32, 15181, 3.9057e-08, 25.312500, 496.099154, 0.464550
32, 14422, 4.32765e-08, 25.312500, 469.420054, 0.443087
32, 13700, 4.79584e-08, 25.312500, 465.917455, 0.402840
32, 13015, 5.31399e-08, 25.312500, 480.842096, 0.352278
32, 12365, 5.88741e-08, 25.312500, 451.652960, 0.338519
32, 11746, 6.52434e-08, 25.312500, 447.656325, 0.308202
32, 11159, 7.22886e-08, 25.312500, 483.931233, 0.257316
32, 10601, 8.00997e-08, 25.312500, 407.824945, 0.275562
32, 10071, 8.87531e-08, 25.312500, 413.808809, 0.245101
32, 9567, 9.83517e-08, 25.312500, 403.691256, 0.226726
32, 9089, 1.0897e-07, 25.312500, 468.085908, 0.176485
32, 8635, 1.20731e-07, 25.312500, 439.281653, 0.169739
32, 8203, 1.33784e-07, 25.312500, 451.261151, 0.149114
32, 7793, 1.48233e-07, 25.312500, 410.643777, 0.147892
32, 7403, 1.64265e-07, 25.312500, 405.467993, 0.135163
32, 7033, 1.82006e-07, 25.312500, 423.229942, 0.116870
32, 6681, 2.01692e-07, 25.312500, 458.248409, 0.097405
32, 6347, 2.23482e-07, 25.312500, 386.952363, 0.104107
32, 6030, 2.47601e-07, 25.312500, 407.910229, 0.089139
32, 5728, 2.74403e-07, 25.312500, 322.385065, 0.101773
32, 5442, 3.04008e-07, 25.312500, 315.484135, 0.093873
32, 5170, 3.36844e-07, 25.312500, 355.223162, 0.075245
32, 4911, 3.73319e-07, 25.312500, 415.103779, 0.058101
32, 4666, 4.13561e-07, 25.312500, 425.068146, 0.051219
32, 4432, 4.58394e-07, 25.312500, 392.702287, 0.050019
32, 4211, 5.07783e-07, 25.312500, 339.454963, 0.052238
32, 4000, 5.62781e-07, 25.312500, 313.217574, 0.051083
32, 3800, 6.23597e-07, 25.312501, 257.749905, 0.056023
32, 3610, 6.90985e-07, 25.312501, 307.254281, 0.042415
32, 3429, 7.6588e-07, 25.312501, 337.101761, 0.034880
32, 3258, 8.48412e-07, 25.312501, 297.898019, 0.035632
32, 3095, 9.4016e-07, 25.312501, 312.733932, 0.030630
32, 2940, 1.04194e-06, 25.312501, 252.999673, 0.034164
32, 2793, 1.15455e-06, 25.312501, 275.111858, 0.028355
32, 2654, 1.2787e-06, 25.312501, 277.200479, 0.025410
32, 2521, 1.41723e-06, 25.312501, 224.321846, 0.028332
32, 2395, 1.57034e-06, 25.312501, 246.958263, 0.023227
32, 2275, 1.74045e-06, 25.312502, 218.229956, 0.023716
32, 2161, 1.92901e-06, 25.312502, 229.570543, 0.020342
32, 2053, 2.13741e-06, 25.312502, 227.853895, 0.018498
32, 1950, 2.36929e-06, 25.312502, 209.933553, 0.018113
32, 1853, 2.62398e-06, 25.312502, 166.004972, 0.020684
32, 1760, 2.90878e-06, 25.312503, 136.421893, 0.022706
32, 1672, 3.22322e-06, 25.312503, 156.098424, 0.017909
32, 1589, 3.56896e-06, 25.312503, 190.898578, 0.013227
32, 1509, 3.95767e-06, 25.312503, 121.974633, 0.018668
32, 1434, 4.38278e-06, 25.312504, 103.796691, 0.019811
32, 1362, 4.85877e-06, 25.312504, 154.701557, 0.011991
32, 1294, 5.38326e-06, 25.312505, 122.521112, 0.013667
32, 1229, 5.96823e-06, 25.312505, 153.688135, 0.009828
32, 1168, 6.60847e-06, 25.312506, 135.110170, 0.010097
32, 1109, 7.331e-06, 25.312506, 110.671303, 0.011113
32, 1054, 8.11682e-06, 25.312507, 121.526896, 0.009141
32, 1001, 9e-06, 25.312508, 92.142412, 0.010874
32, 951, 9.9723e-06, 25.312509, 115.232308, 0.007849
32, 903, 1.10619e-05, 25.312510, 105.218450, 0.007750
32, 858, 1.22541e-05, 25.312511, 101.219394, 0.007273
32, 815, 1.35829e-05, 25.312512, 93.734107, 0.007086
32, 774, 1.5062e-05, 25.312513, 69.039376, 0.008677
32, 736, 1.66597e-05, 25.312515, 55.762983, 0.009714
32, 699, 1.84728e-05, 25.312516, 69.178093, 0.007063
32, 664, 2.04746e-05, 25.312519, 50.428924, 0.008743
32, 631, 2.26757e-05, 25.312520, 60.657881, 0.006564
32, 599, 2.51675e-05, 25.312522, 56.870601, 0.006309
32, 569, 2.78963e-05, 25.312524, 49.360387, 0.006559
32, 541, 3.08642e-05, 25.312527, 49.483726, 0.005915
32, 514, 3.41986e-05, 25.312530, 41.082249, 0.006431
32, 488, 3.79476e-05, 25.312533, 39.941633, 0.005962
32, 463, 4.21656e-05, 25.312537, 36.834579, 0.005820
32, 440, 4.66996e-05, 25.312541, 31.998440, 0.006050
32, 418, 5.17572e-05, 25.312545, 31.006398, 0.005635
32, 397, 5.73921e-05, 25.312550, 19.475244, 0.008093
32, 377, 6.366e-05, 25.312556, 19.483949, 0.007295
32, 359, 7.02225e-05, 25.312561, 23.945175, 0.005382
32, 341, 7.78547e-05, 25.312568, 20.413838, 0.005696
32, 324, 8.62656e-05, 25.312576, 19.009378, 0.005522
32, 307, 9.61169e-05, 25.312584, 17.079521, 0.005518
32, 292, 0.000106281, 25.312593, 11.177445, 0.007628
32, 277, 0.000118147, 25.312603, 14.278098, 0.005374
32, 263, 0.000131111, 25.312615, 12.415135, 0.005571
32, 250, 0.000145159, 25.312627, 7.939495, 0.007872
32, 238, 0.000160231, 25.312640, 11.108546, 0.005099
32, 226, 0.000177778, 25.312656, 9.844175, 0.005188
32, 214, 0.000198373, 25.312674, 8.570871, 0.005343
32, 204, 0.000218399, 25.312691, 4.494877, 0.009259
32, 194, 0.000241617, 25.312711, 7.401944, 0.005085
32, 184, 0.000268745, 25.312735, 6.584275, 0.005142
32, 175, 0.000297265, 25.312760, 4.130119, 0.007415
32, 166, 0.000330579, 25.312789, 5.273911, 0.005225
32, 158, 0.000365126, 25.312820, 5.011865, 0.004981
32, 150, 0.000405387, 25.312855, 4.263335, 0.005278
32, 142, 0.000452694, 25.312896, 3.933200, 0.005127
32, 135, 0.000501225, 25.312939, 2.585173, 0.007050
32, 128, 0.000558001, 25.312988, 3.171462, 0.005166
32, 122, 0.000614712, 25.313038, 2.968224, 0.005014
32, 116, 0.000680529, 25.313095, 2.416448, 0.005569
32, 110, 0.000757512, 25.313163, 2.395961, 0.005050
32, 104, 0.000848336, 25.313242, 1.431661, 0.007555
32, 99, 0.00093711, 25.313320, 1.911914, 0.005126
32, 94, 0.00104058, 25.313410, 1.428501, 0.006186
32, 89, 0.00116219, 25.313517, 1.477265, 0.005362
32, 85, 0.00127551, 25.313616, 1.449728, 0.004984
32, 81, 0.00140625, 25.313730, 1.294107, 0.005070
32, 77, 0.00155817, 25.313863, 2.093216, 0.002832
32, 73, 0.00173611, 25.314019, 0.889221, 0.005993
32, 69, 0.00194637, 25.314203, 0.901369, 0.005282
32, 66, 0.00213018, 25.314364, 0.870767, 0.005002
32, 62, 0.0024187, 25.314616, 0.746622, 0.005149
32, 59, 0.00267539, 25.314840, 0.695379, 0.005006
32, 56, 0.00297521, 25.315103, 0.618445, 0.005071
32, 53, 0.0033284, 25.315411, 0.539283, 0.005209
32, 51, 0.0036, 25.315649, 0.507871, 0.005121
32, 48, 0.00407424, 25.316064, 0.463051, 0.004976
32, 46, 0.00444444, 25.316388, 0.280143, 0.007553
32, 43, 0.00510204, 25.316962, 0.361888, 0.005109
32, 41, 0.005625, 25.317420, 0.327910, 0.005126
32, 39, 0.00623269, 25.317950, 0.299957, 0.005071
32, 37, 0.00694444, 25.318572, 0.250959, 0.005455
32, 35, 0.00778547, 25.319308, 0.227896, 0.005375
32, 33, 0.00878906, 25.320185, 0.212300, 0.005130
32, 32, 0.00936524, 25.320687, 0.203398, 0.005034
32, 30, 0.0107015, 25.321854, 0.178650, 0.005038
32, 29, 0.0114796, 25.322534, 0.125569, 0.006697
32, 27, 0.0133136, 25.324136, 0.143708, 0.005073
32, 26, 0.0144, 25.325084, 0.057074, 0.011844
32, 24, 0.0170132, 25.327365, 0.113328, 0.005083
32, 23, 0.018595, 25.328745, 0.105749, 0.005002
32, 22, 0.0204082, 25.330326, 0.098664, 0.004906
32, 21, 0.0225, 25.332149, 0.075851, 0.005814
32, 20, 0.0249307, 25.334267, 0.078539, 0.005093
32, 19, 0.0277778, 25.336746, 0.051727, 0.006979
32, 18, 0.0311419, 25.339676, 0.062919, 0.005149
32, 17, 0.0351562, 25.343167, 0.057336, 0.005040
32, 16, 0.04, 25.347379, 0.049248, 0.005198
32, 15, 0.0459184, 25.352517, 0.043850, 0.005131
32, 14, 0.0532544, 25.358882, 0.038768, 0.005056
16, 32768, 8.38241e-09, 25.312500, 372.084115, 2.885750
16, 31129, 9.28838e-09, 25.312500, 384.170872, 2.522353
16, 29573, 1.02916e-08, 25.312500, 365.734406, 2.391250
16, 28094, 1.14037e-08, 25.312500, 355.017890, 2.223192
16, 26689, 1.2636e-08, 25.312500, 373.794216, 1.905601
16, 25355, 1.40007e-08, 25.312500, 367.161068, 1.750937
16, 24087, 1.55136e-08, 25.312500, 346.492013, 1.674450
16, 22883, 1.71892e-08, 25.312500, 365.797847, 1.431478
16, 21738, 1.90477e-08, 25.312500, 349.591493, 1.351694
16, 20652, 2.11038e-08, 25.312500, 353.805716, 1.205478
16, 19619, 2.33848e-08, 25.312500, 323.275662, 1.190641
16, 18638, 2.59114e-08, 25.312500, 357.304328, 0.972211
16, 17706, 2.87112e-08, 25.312500, 338.579923, 0.925933
16, 16821, 3.1812e-08, 25.312500, 333.720596, 0.847853
16, 15980, 3.52487e-08, 25.312500, 356.819823, 0.715656
16, 15181, 3.9057e-08, 25.312500, 311.983880, 0.738701
16, 14422, 4.32765e-08, 25.312500, 346.743720, 0.599850
16, 13700, 4.79584e-08, 25.312500, 326.835376, 0.574265
16, 13015, 5.31399e-08, 25.312500, 286.218883, 0.591821
16, 12365, 5.88741e-08, 25.312500, 334.988250, 0.456414
16, 11746, 6.52434e-08, 25.312500, 281.616541, 0.489916
16, 11159, 7.22886e-08, 25.312500, 288.561414, 0.431531
16, 10601, 8.00997e-08, 25.312500, 279.893443, 0.401514
16, 10071, 8.87531e-08, 25.312500, 346.428200, 0.292774
16, 9567, 9.83517e-08, 25.312500, 318.856703, 0.287049
16, 9089, 1.0897e-07, 25.312500, 285.332102, 0.289522
16, 8635, 1.20731e-07, 25.312500, 281.955014, 0.264451
16, 8203, 1.33784e-07, 25.312500, 283.106878, 0.237681
16, 7793, 1.48233e-07, 25.312500, 274.970615, 0.220863
16, 7403, 1.64265e-07, 25.312500, 251.568948, 0.217850
16, 7033, 1.82006e-07, 25.312500, 255.245465, 0.193786
16, 6681, 2.01692e-07, 25.312500, 255.007797, 0.175037
16, 6347, 2.23482e-07, 25.312500, 291.562019, 0.138168
16, 6030, 2.47601e-07, 25.312500, 287.424010, 0.126506
16, 5728, 2.74403e-07, 25.312500, 263.211290, 0.124653
16, 5442, 3.04008e-07, 25.312500, 250.343964, 0.118299
16, 5170, 3.36844e-07, 25.312500, 277.917213, 0.096176
16, 4911, 3.73319e-07, 25.312500, 246.834360, 0.097709
16, 4666, 4.13561e-07, 25.312500, 287.531717, 0.075719
16, 4432, 4.58394e-07, 25.312500, 259.817450, 0.075602
16, 4211, 5.07783e-07, 25.312500, 257.922930, 0.068751
16, 4000, 5.62781e-07, 25.312500, 248.348972, 0.064425
16, 3800, 6.23597e-07, 25.312501, 220.247012, 0.065563
16, 3610, 6.90985e-07, 25.312501, 263.372924, 0.049482
16, 3429, 7.6588e-07, 25.312501, 263.725776, 0.044584
16, 3258, 8.48412e-07, 25.312501, 254.364696, 0.041730
16, 3095, 9.4016e-07, 25.312501, 265.482864, 0.036082
16, 2940, 1.04194e-06, 25.312501, 255.132401, 0.033879
16, 2793, 1.15455e-06, 25.312501, 255.881090, 0.030486
16, 2654, 1.2787e-06, 25.312501, 276.777995, 0.025449
16, 2521, 1.41723e-06, 25.312501, 261.637114, 0.024291
16, 2395, 1.57034e-06, 25.312501, 257.336261, 0.022290
16, 2275, 1.74045e-06, 25.312502, 189.005213, 0.027384
16, 2161, 1.92901e-06, 25.312502, 201.812724, 0.023140
16, 2053, 2.13741e-06, 25.312502, 260.189022, 0.016199
16, 1950, 2.36929e-06, 25.312502, 232.668108, 0.016343
16, 1853, 2.62398e-06, 25.312502, 226.127988, 0.015184
16, 1760, 2.90878e-06, 25.312503, 251.701398, 0.012307
16, 1672, 3.22322e-06, 25.312503, 208.501769, 0.013408
16, 1589, 3.56896e-06, 25.312503, 188.745667, 0.013377
16, 1509, 3.95767e-06, 25.312503, 250.345876, 0.009096
16, 1434, 4.38278e-06, 25.312504, 193.978208, 0.010601
16, 1362, 4.85877e-06, 25.312504, 209.938086, 0.008836
16, 1294, 5.38326e-06, 25.312505, 187.710180, 0.008920
16, 1229, 5.96823e-06, 25.312505, 246.309534, 0.006132
16, 1168, 6.60847e-06, 25.312506, 202.260318, 0.006745
16, 1109, 7.331e-06, 25.312506, 242.256115, 0.005077
16, 1054, 8.11682e-06, 25.312507, 180.504877, 0.006154
16, 1001, 9e-06, 25.312508, 209.513142, 0.004783
16, 951, 9.9723e-06, 25.312509, 238.684534, 0.003789
16, 903, 1.10619e-05, 25.312510, 235.776030, 0.003458
16, 858, 1.22541e-05, 25.312511, 234.022911, 0.003146
16, 815, 1.35829e-05, 25.312512, 103.200878, 0.006436
16, 774, 1.5062e-05, 25.312513, 234.049444, 0.002560
16, 736, 1.66597e-05, 25.312515, 226.172582, 0.002395
16, 699, 1.84728e-05, 25.312516, 222.618362, 0.002195
16, 664, 2.04746e-05, 25.312519, 217.490671, 0.002027
16, 631, 2.26757e-05, 25.312520, 220.475681, 0.001806
16, 599, 2.51675e-05, 25.312522, 142.475089, 0.002518
16, 569, 2.78963e-05, 25.312524, 211.243584, 0.001533
16, 541, 3.08642e-05, 25.312527, 204.586474, 0.001431
16, 514, 3.41986e-05, 25.312530, 207.638575, 0.001272
16, 488, 3.79476e-05, 25.312533, 52.636977, 0.004524
16, 463, 4.21656e-05, 25.312537, 184.998938, 0.001159
16, 440, 4.66996e-05, 25.312541, 103.680108, 0.001867
16, 418, 5.17572e-05, 25.312545, 172.969398, 0.001010
16, 397, 5.73921e-05, 25.312550, 26.595585, 0.005926
16, 377, 6.366e-05, 25.312556, 172.116516, 0.000826
16, 359, 7.02225e-05, 25.312561, 51.762099, 0.002490
16, 341, 7.78547e-05, 25.312568, 166.628215, 0.000698
16, 324, 8.62656e-05, 25.312576, 81.126447, 0.001294
16, 307, 9.61169e-05, 25.312584, 40.183246, 0.002345
16, 292, 0.000106281, 25.312593, 142.964214, 0.000596
16, 277, 0.000118147, 25.312603, 133.271846, 0.000576
16, 263, 0.000131111, 25.312615, 23.872535, 0.002897
16, 250, 0.000145159, 25.312627, 71.582453, 0.000873
16, 238, 0.000160231, 25.312640, 109.957177, 0.000515
16, 226, 0.000177778, 25.312656, 18.921438, 0.002699
16, 214, 0.000198373, 25.312674, 100.319605, 0.000457
16, 204, 0.000218399, 25.312691, 81.184210, 0.000513
16, 194, 0.000241617, 25.312711, 16.812361, 0.002239
16, 184, 0.000268745, 25.312735, 76.607164, 0.000442
16, 175, 0.000297265, 25.312760, 59.607805, 0.000514
16, 166, 0.000330579, 25.312789, 57.277788, 0.000481
16, 158, 0.000365126, 25.312820, 62.860078, 0.000397
16, 150, 0.000405387, 25.312855, 63.171371, 0.000356
16, 142, 0.000452694, 25.312896, 8.993836, 0.002242
16, 135, 0.000501225, 25.312939, 46.996359, 0.000388
16, 128, 0.000558001, 25.312988, 47.361088, 0.000346
16, 122, 0.000614712, 25.313038, 43.180954, 0.000345
16, 116, 0.000680529, 25.313095, 41.250640, 0.000326
16, 110, 0.000757512, 25.313163, 27.641095, 0.000438
16, 104, 0.000848336, 25.313242, 2.595335, 0.004167
16, 99, 0.00093711, 25.313320, 4.753786, 0.002062
16, 94, 0.00104058, 25.313410, 26.833246, 0.000329
16, 89, 0.00116219, 25.313517, 11.656123, 0.000680
16, 85, 0.00127551, 25.313616, 5.619572, 0.001286
16, 81, 0.00140625, 25.313730, 2.578674, 0.002544
16, 77, 0.00155817, 25.313863, 19.736229, 0.000300
16, 73, 0.00173611, 25.314019, 2.572963, 0.002071
16, 69, 0.00194637, 25.314203, 13.084056, 0.000364
16, 66, 0.00213018, 25.314364, 1.769562, 0.002462
16, 62, 0.0024187, 25.314616, 12.664358, 0.000304
16, 59, 0.00267539, 25.314840, 3.622653, 0.000961
16, 56, 0.00297521, 25.315103, 0.726757, 0.004315
16, 53, 0.0033284, 25.315411, 1.133468, 0.002478
16, 51, 0.0036, 25.315649, 8.673238, 0.000300
16, 48, 0.00407424, 25.316064, 1.162374, 0.001982
16, 46, 0.00444444, 25.316388, 0.564366, 0.003749
16, 43, 0.00510204, 25.316962, 0.371317, 0.004980
16, 41, 0.005625, 25.317420, 0.372059, 0.004518
16, 39, 0.00623269, 25.317950, 5.412272, 0.000281
16, 37, 0.00694444, 25.318572, 0.275409, 0.004971
16, 35, 0.00778547, 25.319308, 1.598309, 0.000766
16, 33, 0.00878906, 25.320185, 0.226826, 0.004801
16, 32, 0.00936524, 25.320687, 0.660826, 0.001550
16, 30, 0.0107015, 25.321854, 0.187515, 0.004800
16, 29, 0.0114796, 25.322534, 0.555137, 0.001515
16, 27, 0.0133136, 25.324136, 0.151796, 0.004803
16, 26, 0.0144, 25.325084, 0.807398, 0.000837
16, 24, 0.0170132, 25.327365, 0.118634, 0.004855
16, 23, 0.018595, 25.328745, 0.725728, 0.000729
16, 22, 0.0204082, 25.330326, 0.201132, 0.002406
16, 21, 0.0225, 25.332149, 1.590530, 0.000277
16, 20, 0.0249307, 25.334267, 1.320311, 0.000303
16, 19, 0.0277778, 25.336746, 1.403839, 0.000257
16, 18, 0.0311419, 25.339676, 1.226191, 0.000264
16, 17, 0.0351562, 25.343167, 0.113859, 0.002538
16, 16, 0.04, 25.347379, 0.924815, 0.000277
16, 15, 0.0459184, 25.352517, 0.058672, 0.003835
16, 14, 0.0532544, 25.358882, 0.076795, 0.002552
8, 32768, 8.38241e-09, 25.312500, 192.507278, 5.577669
8, 31129, 9.28838e-09, 25.312500, 191.536950, 5.059152
8, 29573, 1.02916e-08, 25.312500, 192.410672, 4.545290
8, 28094, 1.14037e-08, 25.312500, 184.264131, 4.283378
8, 26689, 1.2636e-08, 25.312500, 192.578641, 3.698763
8, 25355, 1.40007e-08, 25.312500, 191.743846, 3.352786
8, 24087, 1.55136e-08, 25.312500, 192.654053, 3.011531
8, 22883, 1.71892e-08, 25.312500, 192.703656, 2.717290
8, 21738, 1.90477e-08, 25.312500, 191.746916, 2.464398
8, 20652, 2.11038e-08, 25.312500, 191.192227, 2.230766
8, 19619, 2.33848e-08, 25.312500, 192.105770, 2.003611
8, 18638, 2.59114e-08, 25.312500, 192.429428, 1.805207
8, 17706, 2.87112e-08, 25.312500, 192.784638, 1.626180
8, 16821, 3.1812e-08, 25.312500, 192.007301, 1.473621
8, 15980, 3.52487e-08, 25.312500, 192.768413, 1.324700
8, 15181, 3.9057e-08, 25.312500, 192.846755, 1.195056
8, 14422, 4.32765e-08, 25.312500, 192.554785, 1.080181
8, 13700, 4.79584e-08, 25.312500, 188.671361, 0.994799
8, 13015, 5.31399e-08, 25.312500, 192.441432, 0.880217
8, 12365, 5.88741e-08, 25.312500, 188.894194, 0.809412
8, 11746, 6.52434e-08, 25.312500, 192.598283, 0.716354
8, 11159, 7.22886e-08, 25.312500, 192.083814, 0.648276
8, 10601, 8.00997e-08, 25.312500, 192.329920, 0.584315
8, 10071, 8.87531e-08, 25.312500, 190.409779, 0.532667
8, 9567, 9.83517e-08, 25.312500, 176.141167, 0.519626
8, 9089, 1.0897e-07, 25.312500, 192.105609, 0.430023
8, 8635, 1.20731e-07, 25.312500, 192.665867, 0.387008
8, 8203, 1.33784e-07, 25.312500, 183.990852, 0.365720
8, 7793, 1.48233e-07, 25.312500, 182.047505, 0.333599
8, 7403, 1.64265e-07, 25.312500, 180.263920, 0.304023
8, 7033, 1.82006e-07, 25.312500, 192.348453, 0.257154
8, 6681, 2.01692e-07, 25.312500, 192.359121, 0.232044
8, 6347, 2.23482e-07, 25.312500, 192.820906, 0.208921
8, 6030, 2.47601e-07, 25.312500, 177.882533, 0.204410
8, 5728, 2.74403e-07, 25.312500, 171.462818, 0.191353
8, 5442, 3.04008e-07, 25.312500, 162.909488, 0.181790
8, 5170, 3.36844e-07, 25.312500, 136.517188, 0.195791
8, 4911, 3.73319e-07, 25.312500, 192.745200, 0.125129
8, 4666, 4.13561e-07, 25.312500, 191.727334, 0.113555
8, 4432, 4.58394e-07, 25.312500, 164.169712, 0.119648
8, 4211, 5.07783e-07, 25.312500, 192.643095, 0.092049
8, 4000, 5.62781e-07, 25.312500, 161.035946, 0.099357
8, 3800, 6.23597e-07, 25.312501, 191.593186, 0.075368
8, 3610, 6.90985e-07, 25.312501, 191.581938, 0.068024
8, 3429, 7.6588e-07, 25.312501, 191.367653, 0.061442
8, 3258, 8.48412e-07, 25.312501, 192.227618, 0.055219
8, 3095, 9.4016e-07, 25.312501, 192.380611, 0.049792
8, 2940, 1.04194e-06, 25.312501, 134.740637, 0.064150
8, 2793, 1.15455e-06, 25.312501, 191.360743, 0.040765
8, 2654, 1.2787e-06, 25.312501, 192.106316, 0.036666
8, 2521, 1.41723e-06, 25.312501, 128.904245, 0.049304
8, 2395, 1.57034e-06, 25.312501, 191.692742, 0.029923
8, 2275, 1.74045e-06, 25.312502, 132.135897, 0.039169
8, 2161, 1.92901e-06, 25.312502, 191.548845, 0.024380
8, 2053, 2.13741e-06, 25.312502, 132.043203, 0.031920
8, 1950, 2.36929e-06, 25.312502, 191.390503, 0.019868
8, 1853, 2.62398e-06, 25.312502, 131.781079, 0.026055
8, 1760, 2.90878e-06, 25.312503, 131.668564, 0.023526
8, 1672, 3.22322e-06, 25.312503, 131.667110, 0.021232
8, 1589, 3.56896e-06, 25.312503, 188.271799, 0.013411
8, 1509, 3.95767e-06, 25.312503, 131.207230, 0.017355
8, 1434, 4.38278e-06, 25.312504, 130.870134, 0.015713
8, 1362, 4.85877e-06, 25.312504, 131.077293, 0.014152
8, 1294, 5.38326e-06, 25.312505, 126.468482, 0.013240
8, 1229, 5.96823e-06, 25.312505, 188.992795, 0.007992
8, 1168, 6.60847e-06, 25.312506, 188.443617, 0.007239
8, 1109, 7.331e-06, 25.312506, 188.328823, 0.006530
8, 1054, 8.11682e-06, 25.312507, 130.051039, 0.008542
8, 1001, 9e-06, 25.312508, 129.216840, 0.007754
8, 951, 9.9723e-06, 25.312509, 129.524120, 0.006982
8, 903, 1.10619e-05, 25.312510, 186.066990, 0.004382
8, 858, 1.22541e-05, 25.312511, 184.574466, 0.003988
8, 815, 1.35829e-05, 25.312512, 183.595089, 0.003618
8, 774, 1.5062e-05, 25.312513, 127.671164, 0.004692
8, 736, 1.66597e-05, 25.312515, 126.947672, 0.004267
8, 699, 1.84728e-05, 25.312516, 181.106609, 0.002698
8, 664, 2.04746e-05, 25.312519, 121.749441, 0.003621
8, 631, 2.26757e-05, 25.312520, 177.970526, 0.002237
8, 599, 2.51675e-05, 25.312522, 125.373315, 0.002862
8, 569, 2.78963e-05, 25.312524, 176.161758, 0.001838
8, 541, 3.08642e-05, 25.312527, 174.755479, 0.001675
8, 514, 3.41986e-05, 25.312530, 149.542677, 0.001767
8, 488, 3.79476e-05, 25.312533, 172.275123, 0.001382
8, 463, 4.21656e-05, 25.312537, 121.697333, 0.001761
8, 440, 4.66996e-05, 25.312541, 169.087547, 0.001145
8, 418, 5.17572e-05, 25.312545, 121.049711, 0.001443
8, 397, 5.73921e-05, 25.312550, 163.346547, 0.000965
8, 377, 6.366e-05, 25.312556, 132.733338, 0.001071
8, 359, 7.02225e-05, 25.312561, 155.422875, 0.000829
8, 341, 7.78547e-05, 25.312568, 149.964921, 0.000775
8, 324, 8.62656e-05, 25.312576, 111.594681, 0.000941
8, 307, 9.61169e-05, 25.312584, 145.569092, 0.000647
8, 292, 0.000106281, 25.312593, 140.788650, 0.000606
8, 277, 0.000118147, 25.312603, 104.677036, 0.000733
8, 263, 0.000131111, 25.312615, 104.057191, 0.000665
8, 250, 0.000145159, 25.312627, 98.049059, 0.000637
8, 238, 0.000160231, 25.312640, 124.576363, 0.000455
8, 226, 0.000177778, 25.312656, 88.439615, 0.000578
8, 214, 0.000198373, 25.312674, 98.028345, 0.000467
8, 204, 0.000218399, 25.312691, 111.739104, 0.000372
8, 194, 0.000241617, 25.312711, 98.787079, 0.000381
8, 184, 0.000268745, 25.312735, 78.747154, 0.000430
8, 175, 0.000297265, 25.312760, 81.749506, 0.000375
8, 166, 0.000330579, 25.312789, 67.203527, 0.000410
8, 158, 0.000365126, 25.312820, 66.267251, 0.000377
8, 150, 0.000405387, 25.312855, 72.519588, 0.000310
8, 142, 0.000452694, 25.312896, 65.682065, 0.000307
8, 135, 0.000501225, 25.312939, 39.957466, 0.000456
8, 128, 0.000558001, 25.312988, 53.829928, 0.000304
8, 122, 0.000614712, 25.313038, 63.646277, 0.000234
8, 116, 0.000680529, 25.313095, 48.901924, 0.000275
8, 110, 0.000757512, 25.313163, 56.422883, 0.000214
8, 104, 0.000848336, 25.313242, 50.619168, 0.000214
8, 99, 0.00093711, 25.313320, 40.332503, 0.000243
8, 94, 0.00104058, 25.313410, 44.245483, 0.000200
8, 89, 0.00116219, 25.313517, 34.851745, 0.000227
8, 85, 0.00127551, 25.313616, 37.880178, 0.000191
8, 81, 0.00140625, 25.313730, 31.668268, 0.000207
8, 77, 0.00155817, 25.313863, 17.061870, 0.000348
8, 73, 0.00173611, 25.314019, 26.671405, 0.000200
8, 69, 0.00194637, 25.314203, 25.147898, 0.000189
8, 66, 0.00213018, 25.314364, 4.444399, 0.000980
8, 62, 0.0024187, 25.314616, 22.555773, 0.000170
8, 59, 0.00267539, 25.314840, 20.569396, 0.000169
8, 56, 0.00297521, 25.315103, 17.431035, 0.000180
8, 53, 0.0033284, 25.315411, 16.395069, 0.000171
8, 51, 0.0036, 25.315649, 16.408335, 0.000159
8, 48, 0.00407424, 25.316064, 2.846613, 0.000809
8, 46, 0.00444444, 25.316388, 13.623399, 0.000155
8, 43, 0.00510204, 25.316962, 11.076831, 0.000167
8, 41, 0.005625, 25.317420, 10.470324, 0.000161
8, 39, 0.00623269, 25.317950, 10.108663, 0.000150
8, 37, 0.00694444, 25.318572, 7.235882, 0.000189
8, 35, 0.00778547, 25.319308, 6.659165, 0.000184
8, 33, 0.00878906, 25.320185, 4.794801, 0.000227
8, 32, 0.00936524, 25.320687, 5.885632, 0.000174
8, 30, 0.0107015, 25.321854, 5.554047, 0.000162
8, 29, 0.0114796, 25.322534, 0.424703, 0.001980
8, 27, 0.0133136, 25.324136, 4.713139, 0.000155
8, 26, 0.0144, 25.325084, 3.805813, 0.000178
8, 24, 0.0170132, 25.327365, 3.730497, 0.000154
8, 23, 0.018595, 25.328745, 3.353025, 0.000158
8, 22, 0.0204082, 25.330326, 3.253104, 0.000149
8, 21, 0.0225, 25.332149, 3.140466, 0.000140
8, 20, 0.0249307, 25.334267, 2.528781, 0.000158
8, 19, 0.0277778, 25.336746, 2.240705, 0.000161
8, 18, 0.0311419, 25.339676, 2.102149, 0.000154
8, 17, 0.0351562, 25.343167, 1.821850, 0.000159
8, 16, 0.04, 25.347379, 1.584021, 0.000162
8, 15, 0.0459184, 25.352517, 1.515948, 0.000148
8, 14, 0.0532544, 25.358882, 1.156677, 0.000169
4, 32768, 8.38241e-09, 25.312500, 96.263893, 11.154149
4, 31129, 9.28838e-09, 25.312500, 96.488494, 10.042800
4, 29573, 1.02916e-08, 25.312500, 96.355253, 9.076436
4, 28094, 1.14037e-08, 25.312500, 96.467660, 8.181735
4, 26689, 1.2636e-08, 25.312500, 96.151802, 7.408106
4, 25355, 1.40007e-08, 25.312500, 96.430561, 6.666725
4, 24087, 1.55136e-08, 25.312500, 96.425931, 6.016883
4, 22883, 1.71892e-08, 25.312500, 96.252301, 5.440199
4, 21738, 1.90477e-08, 25.312500, 96.590964, 4.892183
4, 20652, 2.11038e-08, 25.312500, 96.108903, 4.437727
4, 19619, 2.33848e-08, 25.312500, 95.881686, 4.014376
4, 18638, 2.59114e-08, 25.312500, 96.531908, 3.598552
4, 17706, 2.87112e-08, 25.312500, 96.320532, 3.254783
4, 16821, 3.1812e-08, 25.312500, 95.900307, 2.950419
4, 15980, 3.52487e-08, 25.312500, 96.499265, 2.646242
4, 15181, 3.9057e-08, 25.312500, 96.255883, 2.394272
4, 14422, 4.32765e-08, 25.312500, 95.766797, 2.171881
4, 13700, 4.79584e-08, 25.312500, 96.305658, 1.948899
4, 13015, 5.31399e-08, 25.312500, 95.242263, 1.778520
4, 12365, 5.88741e-08, 25.312500, 96.341645, 1.586990
4, 11746, 6.52434e-08, 25.312500, 96.460517, 1.430311
4, 11159, 7.22886e-08, 25.312500, 96.267884, 1.293508
4, 10601, 8.00997e-08, 25.312500, 96.341814, 1.166484
4, 10071, 8.87531e-08, 25.312500, 96.139739, 1.054975
4, 9567, 9.83517e-08, 25.312500, 96.130572, 0.952116
4, 9089, 1.0897e-07, 25.312500, 96.486410, 0.856182
4, 8635, 1.20731e-07, 25.312500, 96.483481, 0.772808
4, 8203, 1.33784e-07, 25.312500, 96.262674, 0.699017
4, 7793, 1.48233e-07, 25.312500, 95.932990, 0.633055
4, 7403, 1.64265e-07, 25.312500, 95.131365, 0.576092
4, 7033, 1.82006e-07, 25.312500, 96.332853, 0.513460
4, 6681, 2.01692e-07, 25.312500, 96.302061, 0.463497
4, 6347, 2.23482e-07, 25.312500, 96.493086, 0.417485
4, 6030, 2.47601e-07, 25.312500, 96.494395, 0.376819
4, 5728, 2.74403e-07, 25.312500, 96.457824, 0.340148
4, 5442, 3.04008e-07, 25.312500, 96.374032, 0.307296
4, 5170, 3.36844e-07, 25.312500, 91.281325, 0.292819
4, 4911, 3.73319e-07, 25.312500, 96.399024, 0.250188
4, 4666, 4.13561e-07, 25.312500, 96.366750, 0.225924
4, 4432, 4.58394e-07, 25.312500, 96.480473, 0.203592
4, 4211, 5.07783e-07, 25.312500, 96.200676, 0.184328
4, 4000, 5.62781e-07, 25.312500, 96.338662, 0.166081
4, 3800, 6.23597e-07, 25.312501, 96.529797, 0.149591
4, 3610, 6.90985e-07, 25.312501, 96.489851, 0.135062
4, 3429, 7.6588e-07, 25.312501, 96.067516, 0.122394
4, 3258, 8.48412e-07, 25.312501, 96.381964, 0.110130
4, 3095, 9.4016e-07, 25.312501, 96.433274, 0.099333
4, 2940, 1.04194e-06, 25.312501, 95.868077, 0.090161
4, 2793, 1.15455e-06, 25.312501, 96.410300, 0.080913
4, 2654, 1.2787e-06, 25.312501, 96.425205, 0.073048
4, 2521, 1.41723e-06, 25.312501, 93.769724, 0.067777
4, 2395, 1.57034e-06, 25.312501, 96.370823, 0.059520
4, 2275, 1.74045e-06, 25.312502, 96.349499, 0.053717
4, 2161, 1.92901e-06, 25.312502, 96.110554, 0.048589
4, 2053, 2.13741e-06, 25.312502, 96.233947, 0.043798
4, 1950, 2.36929e-06, 25.312502, 96.257133, 0.039504
4, 1853, 2.62398e-06, 25.312502, 96.281167, 0.035662
4, 1760, 2.90878e-06, 25.312503, 96.142929, 0.032219
4, 1672, 3.22322e-06, 25.312503, 96.190129, 0.029063
4, 1589, 3.56896e-06, 25.312503, 94.291929, 0.026778
4, 1509, 3.95767e-06, 25.312503, 96.123803, 0.023689
4, 1434, 4.38278e-06, 25.312504, 95.978040, 0.021425
4, 1362, 4.85877e-06, 25.312504, 95.937785, 0.019336
4, 1294, 5.38326e-06, 25.312505, 95.900304, 0.017460
4, 1229, 5.96823e-06, 25.312505, 95.816308, 0.015764
4, 1168, 6.60847e-06, 25.312506, 95.785155, 0.014243
4, 1109, 7.331e-06, 25.312506, 95.648624, 0.012858
4, 1054, 8.11682e-06, 25.312507, 95.509280, 0.011631
4, 1001, 9e-06, 25.312508, 95.253219, 0.010519
4, 951, 9.9723e-06, 25.312509, 95.118784, 0.009508
4, 903, 1.10619e-05, 25.312510, 95.381500, 0.008549
4, 858, 1.22541e-05, 25.312511, 95.057578, 0.007744
4, 815, 1.35829e-05, 25.312512, 94.906098, 0.006999
4, 774, 1.5062e-05, 25.312513, 94.951819, 0.006309
4, 736, 1.66597e-05, 25.312515, 79.497377, 0.006814
4, 699, 1.84728e-05, 25.312516, 94.606089, 0.005165
4, 664, 2.04746e-05, 25.312519, 94.582370, 0.004662
4, 631, 2.26757e-05, 25.312520, 94.088170, 0.004232
4, 599, 2.51675e-05, 25.312522, 93.966936, 0.003818
4, 569, 2.78963e-05, 25.312524, 93.604791, 0.003459
4, 541, 3.08642e-05, 25.312527, 93.393162, 0.003134
4, 514, 3.41986e-05, 25.312530, 92.719155, 0.002849
4, 488, 3.79476e-05, 25.312533, 92.156961, 0.002584
4, 463, 4.21656e-05, 25.312537, 92.388962, 0.002320
4, 440, 4.66996e-05, 25.312541, 92.294285, 0.002098
4, 418, 5.17572e-05, 25.312545, 92.270222, 0.001894
4, 397, 5.73921e-05, 25.312550, 91.403992, 0.001724
4, 377, 6.366e-05, 25.312556, 90.604087, 0.001569
4, 359, 7.02225e-05, 25.312561, 89.793584, 0.001435
4, 341, 7.78547e-05, 25.312568, 72.956141, 0.001594
4, 324, 8.62656e-05, 25.312576, 88.533997, 0.001186
4, 307, 9.61169e-05, 25.312584, 87.015971, 0.001083
4, 292, 0.000106281, 25.312593, 86.300643, 0.000988
4, 277, 0.000118147, 25.312603, 85.861966, 0.000894
4, 263, 0.000131111, 25.312615, 83.349199, 0.000830
4, 250, 0.000145159, 25.312627, 83.708907, 0.000747
4, 238, 0.000160231, 25.312640, 80.621929, 0.000703
4, 226, 0.000177778, 25.312656, 80.456439, 0.000635
4, 214, 0.000198373, 25.312674, 79.112618, 0.000579
4, 204, 0.000218399, 25.312691, 77.304306, 0.000538
4, 194, 0.000241617, 25.312711, 78.728661, 0.000478
4, 184, 0.000268745, 25.312735, 75.933128, 0.000446
4, 175, 0.000297265, 25.312760, 71.774260, 0.000427
4, 166, 0.000330579, 25.312789, 72.699259, 0.000379
4, 158, 0.000365126, 25.312820, 59.143084, 0.000422
4, 150, 0.000405387, 25.312855, 66.587945, 0.000338
4, 142, 0.000452694, 25.312896, 66.796080, 0.000302
4, 135, 0.000501225, 25.312939, 67.148342, 0.000271
4, 128, 0.000558001, 25.312988, 56.767273, 0.000289
4, 122, 0.000614712, 25.313038, 49.724218, 0.000299
4, 116, 0.000680529, 25.313095, 56.545418, 0.000238
4, 110, 0.000757512, 25.313163, 55.810006, 0.000217
4, 104, 0.000848336, 25.313242, 47.367130, 0.000228
4, 99, 0.00093711, 25.313320, 50.481846, 0.000194
4, 94, 0.00104058, 25.313410, 44.806166, 0.000197
4, 89, 0.00116219, 25.313517, 46.501661, 0.000170
4, 85, 0.00127551, 25.313616, 44.808425, 0.000161
4, 81, 0.00140625, 25.313730, 40.494251, 0.000162
4, 77, 0.00155817, 25.313863, 36.830662, 0.000161
4, 73, 0.00173611, 25.314019, 29.667363, 0.000180
4, 69, 0.00194637, 25.314203, 35.024865, 0.000136
4, 66, 0.00213018, 25.314364, 30.307247, 0.000144
4, 62, 0.0024187, 25.314616, 26.898236, 0.000143
4, 59, 0.00267539, 25.314840, 26.783928, 0.000130
4, 56, 0.00297521, 25.315103, 24.380952, 0.000129
4, 53, 0.0033284, 25.315411, 22.431086, 0.000125
4, 51, 0.0036, 25.315649, 20.573951, 0.000126
4, 48, 0.00407424, 25.316064, 18.483754, 0.000125
4, 46, 0.00444444, 25.316388, 19.442990, 0.000109
4, 43, 0.00510204, 25.316962, 15.367609, 0.000120
4, 41, 0.005625, 25.317420, 15.990183, 0.000105
4, 39, 0.00623269, 25.317950, 12.661178, 0.000120
4, 37, 0.00694444, 25.318572, 12.329890, 0.000111
4, 35, 0.00778547, 25.319308, 11.044593, 0.000111
4, 33, 0.00878906, 25.320185, 10.620971, 0.000103
4, 32, 0.00936524, 25.320687, 10.846424, 0.000094
4, 30, 0.0107015, 25.321854, 8.582545, 0.000105
4, 29, 0.0114796, 25.322534, 7.953772, 0.000106
4, 27, 0.0133136, 25.324136, 0.821667, 0.000887
4, 26, 0.0144, 25.325084, 7.201526, 0.000094
4, 24, 0.0170132, 25.327365, 5.692656, 0.000101
4, 23, 0.018595, 25.328745, 4.932585, 0.000107
4, 22, 0.0204082, 25.330326, 4.172809, 0.000116
4, 21, 0.0225, 25.332149, 4.403923, 0.000100
4, 20, 0.0249307, 25.334267, 4.409220, 0.000091
4, 19, 0.0277778, 25.336746, 3.846482, 0.000094
4, 18, 0.0311419, 25.339676, 2.919235, 0.000111
4, 17, 0.0351562, 25.343167, 3.032179, 0.000095
4, 16, 0.04, 25.347379, 2.537392, 0.000101
4, 15, 0.0459184, 25.352517, 1.965581, 0.000114
4, 14, 0.0532544, 25.358882, 2.036427, 0.000096
2, 32768, 8.38241e-09, 25.312500, 48.304023, 22.228828
2, 31129, 9.28838e-09, 25.312500, 48.125699, 20.135077
2, 29573, 1.02916e-08, 25.312500, 48.182769, 18.150936
2, 28094, 1.14037e-08, 25.312500, 48.153185, 16.390875
2, 26689, 1.2636e-08, 25.312500, 48.276504, 14.754646
2, 25355, 1.40007e-08, 25.312500, 48.147055, 13.352344
2, 24087, 1.55136e-08, 25.312500, 48.148753, 12.049815
2, 22883, 1.71892e-08, 25.312500, 48.154473, 10.873999
2, 21738, 1.90477e-08, 25.312500, 48.197956, 9.804164
2, 20652, 2.11038e-08, 25.312500, 48.172795, 8.853651
2, 19619, 2.33848e-08, 25.312500, 47.847617, 8.044396
2, 18638, 2.59114e-08, 25.312500, 48.054397, 7.228788
2, 17706, 2.87112e-08, 25.312500, 48.137183, 6.512688
2, 16821, 3.1812e-08, 25.312500, 48.290366, 5.859265
2, 15980, 3.52487e-08, 25.312500, 48.013781, 5.318481
2, 15181, 3.9057e-08, 25.312500, 48.300857, 4.771401
2, 14422, 4.32765e-08, 25.312500, 48.120707, 4.322341
2, 13700, 4.79584e-08, 25.312500, 48.057751, 3.905509
2, 13015, 5.31399e-08, 25.312500, 48.235167, 3.511758
2, 12365, 5.88741e-08, 25.312500, 48.288619, 3.166237
2, 11746, 6.52434e-08, 25.312500, 48.060970, 2.870698
2, 11159, 7.22886e-08, 25.312500, 48.157062, 2.585774
2, 10601, 8.00997e-08, 25.312500, 48.257247, 2.328794
2, 10071, 8.87531e-08, 25.312500, 48.186790, 2.104831
2, 9567, 9.83517e-08, 25.312500, 48.283138, 1.895641
2, 9089, 1.0897e-07, 25.312500, 48.123341, 1.716629
2, 8635, 1.20731e-07, 25.312500, 48.297880, 1.543820
2, 8203, 1.33784e-07, 25.312500, 48.199447, 1.396058
2, 7793, 1.48233e-07, 25.312500, 48.158645, 1.261058
2, 7403, 1.64265e-07, 25.312500, 48.252303, 1.135788
2, 7033, 1.82006e-07, 25.312500, 48.177731, 1.026679
2, 6681, 2.01692e-07, 25.312500, 48.198925, 0.926074
2, 6347, 2.23482e-07, 25.312500, 48.205346, 0.835683
2, 6030, 2.47601e-07, 25.312500, 48.295384, 0.752886
2, 5728, 2.74403e-07, 25.312500, 48.316267, 0.679067
2, 5442, 3.04008e-07, 25.312500, 48.289679, 0.613286
2, 5170, 3.36844e-07, 25.312500, 48.174630, 0.554834
2, 4911, 3.73319e-07, 25.312500, 48.229135, 0.500070
2, 4666, 4.13561e-07, 25.312500, 48.236549, 0.451350
2, 4432, 4.58394e-07, 25.312500, 48.309838, 0.406597
2, 4211, 5.07783e-07, 25.312500, 48.206764, 0.367843
2, 4000, 5.62781e-07, 25.312500, 48.157890, 0.332240
2, 3800, 6.23597e-07, 25.312501, 48.222388, 0.299446
2, 3610, 6.90985e-07, 25.312501, 48.110893, 0.270876
2, 3429, 7.6588e-07, 25.312501, 48.223687, 0.243823
2, 3258, 8.48412e-07, 25.312501, 48.267815, 0.219910
2, 3095, 9.4016e-07, 25.312501, 48.242833, 0.198559
2, 2940, 1.04194e-06, 25.312501, 48.296643, 0.178969
2, 2793, 1.15455e-06, 25.312501, 48.244266, 0.161695
2, 2654, 1.2787e-06, 25.312501, 48.096648, 0.146449
2, 2521, 1.41723e-06, 25.312501, 48.214592, 0.131816
2, 2395, 1.57034e-06, 25.312501, 48.048205, 0.119381
2, 2275, 1.74045e-06, 25.312502, 48.233663, 0.107303
2, 2161, 1.92901e-06, 25.312502, 48.299052, 0.096688
2, 2053, 2.13741e-06, 25.312502, 48.277275, 0.087304
2, 1950, 2.36929e-06, 25.312502, 48.215440, 0.078865
2, 1853, 2.62398e-06, 25.312502, 47.460511, 0.072347
2, 1760, 2.90878e-06, 25.312503, 48.252700, 0.064195
2, 1672, 3.22322e-06, 25.312503, 48.290099, 0.057891
2, 1589, 3.56896e-06, 25.312503, 47.267027, 0.053418
2, 1509, 3.95767e-06, 25.312503, 48.224959, 0.047218
2, 1434, 4.38278e-06, 25.312504, 48.226463, 0.042640
2, 1362, 4.85877e-06, 25.312504, 48.107394, 0.038560
2, 1294, 5.38326e-06, 25.312505, 46.525867, 0.035989
2, 1229, 5.96823e-06, 25.312505, 48.188277, 0.031345
2, 1168, 6.60847e-06, 25.312506, 48.084386, 0.028371
2, 1109, 7.331e-06, 25.312506, 46.798537, 0.026280
2, 1054, 8.11682e-06, 25.312507, 48.087628, 0.023102
2, 1001, 9e-06, 25.312508, 48.162856, 0.020804
2, 951, 9.9723e-06, 25.312509, 48.056184, 0.018820
2, 903, 1.10619e-05, 25.312510, 48.063072, 0.016965
2, 858, 1.22541e-05, 25.312511, 48.039072, 0.015324
2, 815, 1.35829e-05, 25.312512, 47.978084, 0.013844
2, 774, 1.5062e-05, 25.312513, 48.005331, 0.012479
2, 736, 1.66597e-05, 25.312515, 47.808641, 0.011331
2, 699, 1.84728e-05, 25.312516, 47.724183, 0.010238
2, 664, 2.04746e-05, 25.312519, 47.890200, 0.009206
2, 631, 2.26757e-05, 25.312520, 47.849534, 0.008321
2, 599, 2.51675e-05, 25.312522, 47.593485, 0.007539
2, 569, 2.78963e-05, 25.312524, 47.745747, 0.006781
2, 541, 3.08642e-05, 25.312527, 47.741113, 0.006131
2, 514, 3.41986e-05, 25.312530, 47.561474, 0.005555
2, 488, 3.79476e-05, 25.312533, 47.361228, 0.005028
2, 463, 4.21656e-05, 25.312537, 47.616044, 0.004502
2, 440, 4.66996e-05, 25.312541, 47.311308, 0.004092
2, 418, 5.17572e-05, 25.312545, 47.141899, 0.003706
2, 397, 5.73921e-05, 25.312550, 46.272774, 0.003406
2, 377, 6.366e-05, 25.312556, 46.814451, 0.003036
2, 359, 7.02225e-05, 25.312561, 47.086130, 0.002737
2, 341, 7.78547e-05, 25.312568, 46.572796, 0.002497
2, 324, 8.62656e-05, 25.312576, 46.730000, 0.002246
2, 307, 9.61169e-05, 25.312584, 46.580717, 0.002023
2, 292, 0.000106281, 25.312593, 46.653867, 0.001828
2, 277, 0.000118147, 25.312603, 45.547392, 0.001685
2, 263, 0.000131111, 25.312615, 46.428567, 0.001490
2, 250, 0.000145159, 25.312627, 44.600137, 0.001401
2, 238, 0.000160231, 25.312640, 46.202359, 0.001226
2, 226, 0.000177778, 25.312656, 45.467858, 0.001123
2, 214, 0.000198373, 25.312674, 45.289079, 0.001011
2, 204, 0.000218399, 25.312691, 44.232249, 0.000941
2, 194, 0.000241617, 25.312711, 44.785515, 0.000840
2, 184, 0.000268745, 25.312735, 44.649887, 0.000758
2, 175, 0.000297265, 25.312760, 44.117054, 0.000694
2, 166, 0.000330579, 25.312789, 42.937233, 0.000642
2, 158, 0.000365126, 25.312820, 42.919281, 0.000582
2, 150, 0.000405387, 25.312855, 43.049430, 0.000523
2, 142, 0.000452694, 25.312896, 40.010239, 0.000504
2, 135, 0.000501225, 25.312939, 41.632306, 0.000438
2, 128, 0.000558001, 25.312988, 38.737439, 0.000423
2, 122, 0.000614712, 25.313038, 38.153537, 0.000390
2, 116, 0.000680529, 25.313095, 37.937354, 0.000355
2, 110, 0.000757512, 25.313163, 39.427680, 0.000307
2, 104, 0.000848336, 25.313242, 34.896401, 0.000310
2, 99, 0.00093711, 25.313320, 37.954978, 0.000258
2, 94, 0.00104058, 25.313410, 36.395990, 0.000243
2, 89, 0.00116219, 25.313517, 33.213550, 0.000238
2, 85, 0.00127551, 25.313616, 33.809236, 0.000214
2, 81, 0.00140625, 25.313730, 33.777105, 0.000194
2, 77, 0.00155817, 25.313863, 33.179440, 0.000179
2, 73, 0.00173611, 25.314019, 32.054714, 0.000166
2, 69, 0.00194637, 25.314203, 30.623468, 0.000155
2, 66, 0.00213018, 25.314364, 29.544823, 0.000147
2, 62, 0.0024187, 25.314616, 23.132519, 0.000166
2, 59, 0.00267539, 25.314840, 23.136332, 0.000150
2, 56, 0.00297521, 25.315103, 25.564939, 0.000123
2, 53, 0.0033284, 25.315411, 19.576823, 0.000143
2, 51, 0.0036, 25.315649, 23.051154, 0.000113
2, 48, 0.00407424, 25.316064, 22.371973, 0.000103
2, 46, 0.00444444, 25.316388, 21.037561, 0.000101
2, 43, 0.00510204, 25.316962, 19.494143, 0.000095
2, 41, 0.005625, 25.317420, 18.766187, 0.000090
2, 39, 0.00623269, 25.317950, 14.441701, 0.000105
2, 37, 0.00694444, 25.318572, 16.110242, 0.000085
2, 35, 0.00778547, 25.319308, 12.237518, 0.000100
2, 33, 0.00878906, 25.320185, 13.740631, 0.000079
2, 32, 0.00936524, 25.320687, 9.622794, 0.000106
2, 30, 0.0107015, 25.321854, 12.359242, 0.000073
2, 29, 0.0114796, 25.322534, 11.068702, 0.000076
2, 27, 0.0133136, 25.324136, 9.964053, 0.000073
2, 26, 0.0144, 25.325084, 9.422653, 0.000072
2, 24, 0.0170132, 25.327365, 8.485563, 0.000068
2, 23, 0.018595, 25.328745, 7.610744, 0.000070
2, 22, 0.0204082, 25.330326, 7.315267, 0.000066
2, 21, 0.0225, 25.332149, 6.370531, 0.000069
2, 20, 0.0249307, 25.334267, 6.385798, 0.000063
2, 19, 0.0277778, 25.336746, 5.389749, 0.000067
2, 18, 0.0311419, 25.339676, 5.028479, 0.000064
2, 17, 0.0351562, 25.343167, 3.567901, 0.000081
2, 16, 0.04, 25.347379, 4.081958, 0.000063
2, 15, 0.0459184, 25.352517, 3.816664, 0.000059
2, 14, 0.0532544, 25.358882, 3.251493, 0.000060
1, 32768, 8.38241e-09, 25.312500, 24.177244, 44.411259
1, 31129, 9.28838e-09, 25.312500, 24.154798, 40.116859
1, 29573, 1.02916e-08, 25.312500, 24.163590, 36.193394
1, 28094, 1.14037e-08, 25.312500, 24.162727, 32.664890
1, 26689, 1.2636e-08, 25.312500, 24.142719, 29.503832
1, 25355, 1.40007e-08, 25.312500, 24.104927, 26.669901
1, 24087, 1.55136e-08, 25.312500, 24.152685, 24.021493
1, 22883, 1.71892e-08, 25.312500, 23.949573, 21.863926
1, 21738, 1.90477e-08, 25.312500, 24.149747, 19.567106
1, 20652, 2.11038e-08, 25.312500, 24.152980, 17.658488
1, 19619, 2.33848e-08, 25.312500, 24.176386, 15.920707
1, 18638, 2.59114e-08, 25.312500, 24.114298, 14.405356
1, 17706, 2.87112e-08, 25.312500, 24.168377, 12.971596
1, 16821, 3.1812e-08, 25.312500, 24.176976, 11.703120
1, 15980, 3.52487e-08, 25.312500, 24.141588, 10.577614
1, 15181, 3.9057e-08, 25.312500, 24.149510, 9.543165
1, 14422, 4.32765e-08, 25.312500, 24.149511, 8.612766
1, 13700, 4.79584e-08, 25.312500, 24.114091, 7.783416
1, 13015, 5.31399e-08, 25.312500, 24.145745, 7.015324
1, 12365, 5.88741e-08, 25.312500, 24.159967, 6.328371
1, 11746, 6.52434e-08, 25.312500, 24.144627, 5.714253
1, 11159, 7.22886e-08, 25.312500, 24.139281, 5.158533
1, 10601, 8.00997e-08, 25.312500, 24.132322, 4.656875
1, 10071, 8.87531e-08, 25.312500, 24.161846, 4.197736
1, 9567, 9.83517e-08, 25.312500, 24.106443, 3.796806
1, 9089, 1.0897e-07, 25.312500, 24.151656, 3.420466
1, 8635, 1.20731e-07, 25.312500, 24.164141, 3.085697
1, 8203, 1.33784e-07, 25.312500, 24.175595, 2.783353
1, 7793, 1.48233e-07, 25.312500, 24.105061, 2.519423
1, 7403, 1.64265e-07, 25.312500, 24.135497, 2.270697
1, 7033, 1.82006e-07, 25.312500, 24.139154, 2.049081
1, 6681, 2.01692e-07, 25.312500, 24.147481, 1.848464
1, 6347, 2.23482e-07, 25.312500, 24.147411, 1.668270
1, 6030, 2.47601e-07, 25.312500, 24.130141, 1.506866
1, 5728, 2.74403e-07, 25.312500, 24.179491, 1.356934
1, 5442, 3.04008e-07, 25.312500, 24.161648, 1.225718
1, 5170, 3.36844e-07, 25.312500, 24.013966, 1.113056
1, 4911, 3.73319e-07, 25.312500, 24.162361, 0.998161
1, 4666, 4.13561e-07, 25.312500, 24.167216, 0.900872
1, 4432, 4.58394e-07, 25.312500, 24.144639, 0.813540
1, 4211, 5.07783e-07, 25.312500, 24.129365, 0.734894
1, 4000, 5.62781e-07, 25.312500, 24.160644, 0.662234
1, 3800, 6.23597e-07, 25.312501, 24.110328, 0.598913
1, 3610, 6.90985e-07, 25.312501, 24.178449, 0.538997
1, 3429, 7.6588e-07, 25.312501, 24.138899, 0.487099
1, 3258, 8.48412e-07, 25.312501, 24.075828, 0.440881
1, 3095, 9.4016e-07, 25.312501, 24.133213, 0.396923
1, 2940, 1.04194e-06, 25.312501, 24.145819, 0.357975
1, 2793, 1.15455e-06, 25.312501, 24.145239, 0.323080
1, 2654, 1.2787e-06, 25.312501, 24.129215, 0.291916
1, 2521, 1.41723e-06, 25.312501, 24.169458, 0.262953
1, 2395, 1.57034e-06, 25.312501, 24.165583, 0.237363
1, 2275, 1.74045e-06, 25.312502, 24.077483, 0.214957
1, 2161, 1.92901e-06, 25.312502, 24.160771, 0.193285
1, 2053, 2.13741e-06, 25.312502, 24.155684, 0.174485
1, 1950, 2.36929e-06, 25.312502, 24.116824, 0.157670
1, 1853, 2.62398e-06, 25.312502, 24.158495, 0.142128
1, 1760, 2.90878e-06, 25.312503, 24.169043, 0.128164
1, 1672, 3.22322e-06, 25.312503, 24.174440, 0.115642
1, 1589, 3.56896e-06, 25.312503, 24.159907, 0.104509
1, 1509, 3.95767e-06, 25.312503, 24.165590, 0.094228
1, 1434, 4.38278e-06, 25.312504, 24.141240, 0.085180
1, 1362, 4.85877e-06, 25.312504, 24.115745, 0.076923
1, 1294, 5.38326e-06, 25.312505, 24.160167, 0.069306
1, 1229, 5.96823e-06, 25.312505, 24.159959, 0.062518
1, 1168, 6.60847e-06, 25.312506, 24.148410, 0.056493
1, 1109, 7.331e-06, 25.312506, 24.168022, 0.050889
1, 1054, 8.11682e-06, 25.312507, 24.122762, 0.046053
1, 1001, 9e-06, 25.312508, 24.155451, 0.041481
1, 951, 9.9723e-06, 25.312509, 24.160639, 0.037433
1, 903, 1.10619e-05, 25.312510, 23.990352, 0.033989
1, 858, 1.22541e-05, 25.312511, 24.141199, 0.030494
1, 815, 1.35829e-05, 25.312512, 24.046564, 0.027622
1, 774, 1.5062e-05, 25.312513, 24.107024, 0.024851
1, 736, 1.66597e-05, 25.312515, 24.052494, 0.022521
1, 699, 1.84728e-05, 25.312516, 24.147322, 0.020234
1, 664, 2.04746e-05, 25.312519, 23.878307, 0.018464
1, 631, 2.26757e-05, 25.312520, 24.133148, 0.016499
1, 599, 2.51675e-05, 25.312522, 24.110553, 0.014881
1, 569, 2.78963e-05, 25.312524, 24.057913, 0.013458
1, 541, 3.08642e-05, 25.312527, 24.116999, 0.012136
1, 514, 3.41986e-05, 25.312530, 24.124001, 0.010952
1, 488, 3.79476e-05, 25.312533, 24.076667, 0.009891
1, 463, 4.21656e-05, 25.312537, 24.121125, 0.008887
1, 440, 4.66996e-05, 25.312541, 24.080213, 0.008040
1, 418, 5.17572e-05, 25.312545, 24.064350, 0.007261
1, 397, 5.73921e-05, 25.312550, 24.086901, 0.006543
1, 377, 6.366e-05, 25.312556, 24.124973, 0.005891
1, 359, 7.02225e-05, 25.312561, 24.051402, 0.005359
1, 341, 7.78547e-05, 25.312568, 23.944277, 0.004856
1, 324, 8.62656e-05, 25.312576, 23.905493, 0.004391
1, 307, 9.61169e-05, 25.312584, 23.892722, 0.003945
1, 292, 0.000106281, 25.312593, 24.095139, 0.003539
1, 277, 0.000118147, 25.312603, 24.009640, 0.003196
1, 263, 0.000131111, 25.312615, 24.056875, 0.002875
1, 250, 0.000145159, 25.312627, 22.722621, 0.002751
1, 238, 0.000160231, 25.312640, 23.944249, 0.002366
1, 226, 0.000177778, 25.312656, 23.948884, 0.002133
1, 214, 0.000198373, 25.312674, 23.771631, 0.001926
1, 204, 0.000218399, 25.312691, 24.109522, 0.001726
1, 194, 0.000241617, 25.312711, 24.104642, 0.001561
1, 184, 0.000268745, 25.312735, 23.965677, 0.001413
1, 175, 0.000297265, 25.312760, 24.123918, 0.001269
1, 166, 0.000330579, 25.312789, 24.016832, 0.001147
1, 158, 0.000365126, 25.312820, 24.095409, 0.001036
1, 150, 0.000405387, 25.312855, 23.756079, 0.000947
1, 142, 0.000452694, 25.312896, 23.939441, 0.000842
1, 135, 0.000501225, 25.312939, 24.052801, 0.000758
1, 128, 0.000558001, 25.312988, 24.019938, 0.000682
1, 122, 0.000614712, 25.313038, 23.733365, 0.000627
1, 116, 0.000680529, 25.313095, 23.430589, 0.000574
1, 110, 0.000757512, 25.313163, 23.961203, 0.000505
1, 104, 0.000848336, 25.313242, 23.924493, 0.000452
1, 99, 0.00093711, 25.313320, 23.885362, 0.000410
1, 94, 0.00104058, 25.313410, 23.939052, 0.000369
1, 89, 0.00116219, 25.313517, 23.931454, 0.000331
1, 85, 0.00127551, 25.313616, 22.880867, 0.000316
1, 81, 0.00140625, 25.313730, 23.831577, 0.000275
1, 77, 0.00155817, 25.313863, 23.753245, 0.000250
1, 73, 0.00173611, 25.314019, 23.816015, 0.000224
1, 69, 0.00194637, 25.314203, 23.644219, 0.000201
1, 66, 0.00213018, 25.314364, 23.651290, 0.000184
1, 62, 0.0024187, 25.314616, 23.725905, 0.000162
1, 59, 0.00267539, 25.314840, 23.504072, 0.000148
1, 56, 0.00297521, 25.315103, 23.500847, 0.000133
1, 53, 0.0033284, 25.315411, 23.345495, 0.000120
1, 51, 0.0036, 25.315649, 23.301649, 0.000112
1, 48, 0.00407424, 25.316064, 23.019513, 0.000100
1, 46, 0.00444444, 25.316388, 23.228243, 0.000091
1, 43, 0.00510204, 25.316962, 22.994938, 0.000080
1, 41, 0.005625, 25.317420, 22.820760, 0.000074
1, 39, 0.00623269, 25.317950, 21.837447, 0.000070
1, 37, 0.00694444, 25.318572, 22.337527, 0.000061
1, 35, 0.00778547, 25.319308, 22.401024, 0.000055
1, 33, 0.00878906, 25.320185, 22.507441, 0.000048
1, 32, 0.00936524, 25.320687, 21.221039, 0.000048
1, 30, 0.0107015, 25.321854, 21.868014, 0.000041
1, 29, 0.0114796, 25.322534, 20.628419, 0.000041
1, 27, 0.0133136, 25.324136, 21.254264, 0.000034
1, 26, 0.0144, 25.325084, 19.858990, 0.000034
1, 24, 0.0170132, 25.327365, 20.793473, 0.000028
1, 23, 0.018595, 25.328745, 19.032885, 0.000028
1, 22, 0.0204082, 25.330326, 20.045558, 0.000024
1, 21, 0.0225, 25.332149, 19.960170, 0.000022
1, 20, 0.0249307, 25.334267, 19.240945, 0.000021
1, 19, 0.0277778, 25.336746, 17.271901, 0.000021
1, 18, 0.0311419, 25.339676, 18.180798, 0.000018
1, 17, 0.0351562, 25.343167, 18.192119, 0.000016
1, 16, 0.04, 25.347379, 17.661263, 0.000014
1, 15, 0.0459184, 25.352517, 16.999093, 0.000013
1, 14, 0.0532544, 25.358882, 16.202364, 0.000012
