{
  "id": "e8c2e485-2972-4c26-83e4-c0abbcbf8b63",
  "name": "Boats and Slips",
  "values": [
    {
      "enabled": true,
      "key": "hostname",
      "value": "http://boats-193821.appspot.com",
      "type": "text"
    },
    {
      "enabled": true,
      "key": "port",
      "value": "80",
      "type": "text"
    }
  ],
  "timestamp": 1517813086553,
  "_postman_variable_scope": "environment",
  "_postman_exported_at": "2018-02-05T06:46:38.178Z",
  "_postman_exported_using": "Postman/5.5.2"
}